year,no_of_overtakes,name
1990,57,Canadian Grand Prix
1990,44,United States Grand Prix
1990,42,Brazilian Grand Prix
1990,33,San Marino Grand Prix
1990,11,Monaco Grand Prix
1990,60,Canadian Grand Prix
1990,73,Mexican Grand Prix
1990,36,French Grand Prix
1990,49,British Grand Prix
1990,20,German Grand Prix
1990,39,Hungarian Grand Prix
1990,31,Belgian Grand Prix
1990,17,Italian Grand Prix
1990,31,Portuguese Grand Prix
1990,18,Spanish Grand Prix
1990,11,Japanese Grand Prix
1990,29,Australian Grand Prix
1991,41,Detroit Grand Prix
1991,27,United States Grand Prix
1991,26,Brazilian Grand Prix
1991,40,San Marino Grand Prix
1991,9,Monaco Grand Prix
1991,33,Canadian Grand Prix
1991,54,Mexican Grand Prix
1991,41,French Grand Prix
1991,43,British Grand Prix
1991,29,German Grand Prix
1991,33,Hungarian Grand Prix
1991,35,Belgian Grand Prix
1991,29,Italian Grand Prix
1991,25,Portuguese Grand Prix
1991,65,Spanish Grand Prix
1991,6,Japanese Grand Prix
1991,23,Australian Grand Prix
1992,45,Dallas Grand Prix
1992,22,South African Grand Prix
1992,43,Mexican Grand Prix
1992,20,Brazilian Grand Prix
1992,41,Spanish Grand Prix
1992,22,San Marino Grand Prix
1992,7,Monaco Grand Prix
1992,17,Canadian Grand Prix
1992,4,French Grand Prix
1992,29,British Grand Prix
1992,20,German Grand Prix
1992,27,Hungarian Grand Prix
1992,63,Belgian Grand Prix
1992,43,Italian Grand Prix
1992,31,Portuguese Grand Prix
1992,18,Japanese Grand Prix
1992,19,Australian Grand Prix
1993,16,British Grand Prix
1993,10,South African Grand Prix
1993,28,Brazilian Grand Prix
1993,31,European Grand Prix
1993,22,San Marino Grand Prix
1993,18,Spanish Grand Prix
1993,31,Monaco Grand Prix
1993,11,Canadian Grand Prix
1993,24,French Grand Prix
1993,26,British Grand Prix
1993,51,German Grand Prix
1993,39,Hungarian Grand Prix
1993,42,Belgian Grand Prix
1993,30,Italian Grand Prix
1993,29,Portuguese Grand Prix
1993,28,Japanese Grand Prix
1993,14,Australian Grand Prix
1994,50,German Grand Prix
1994,20,Brazilian Grand Prix
1994,16,Pacific Grand Prix
1994,0,San Marino Grand Prix
1994,9,Monaco Grand Prix
1994,14,Spanish Grand Prix
1994,28,Canadian Grand Prix
1994,15,French Grand Prix
1994,36,British Grand Prix
1994,12,German Grand Prix
1994,5,Hungarian Grand Prix
1994,36,Belgian Grand Prix
1994,31,Italian Grand Prix
1994,27,Portuguese Grand Prix
1994,15,European Grand Prix
1994,3,Japanese Grand Prix
1994,20,Australian Grand Prix
1995,44,Austrian Grand Prix
1995,22,Brazilian Grand Prix
1995,27,Argentine Grand Prix
1995,44,San Marino Grand Prix
1995,19,Spanish Grand Prix
1995,9,Monaco Grand Prix
1995,9,Canadian Grand Prix
1995,9,French Grand Prix
1995,18,British Grand Prix
1995,22,German Grand Prix
1995,5,Hungarian Grand Prix
1995,26,Belgian Grand Prix
1995,22,Italian Grand Prix
1995,16,Portuguese Grand Prix
1995,47,European Grand Prix
1995,15,Pacific Grand Prix
1995,31,Japanese Grand Prix
1995,4,Australian Grand Prix
1996,50,Dutch Grand Prix
1996,9,Australian Grand Prix
1996,39,Brazilian Grand Prix
1996,23,Argentine Grand Prix
1996,23,European Grand Prix
1996,5,San Marino Grand Prix
1996,6,Monaco Grand Prix
1996,6,Spanish Grand Prix
1996,15,Canadian Grand Prix
1996,9,French Grand Prix
1996,10,British Grand Prix
1996,11,German Grand Prix
1996,4,Hungarian Grand Prix
1996,21,Belgian Grand Prix
1996,12,Italian Grand Prix
1996,4,Portuguese Grand Prix
1996,15,Japanese Grand Prix
1997,51,Italian Grand Prix
1997,4,Australian Grand Prix
1997,33,Brazilian Grand Prix
1997,36,Argentine Grand Prix
1997,5,San Marino Grand Prix
1997,31,Monaco Grand Prix
1997,25,Spanish Grand Prix
1997,23,Canadian Grand Prix
1997,8,French Grand Prix
1997,14,British Grand Prix
1997,16,German Grand Prix
1997,26,Hungarian Grand Prix
1997,58,Belgian Grand Prix
1997,5,Italian Grand Prix
1997,18,Austrian Grand Prix
1997,10,Luxembourg Grand Prix
1997,11,Japanese Grand Prix
1997,11,European Grand Prix
1998,44,European Grand Prix
1998,5,Australian Grand Prix
1998,15,Brazilian Grand Prix
1998,14,Argentine Grand Prix
1998,7,San Marino Grand Prix
1998,11,Spanish Grand Prix
1998,2,Monaco Grand Prix
1998,10,Canadian Grand Prix
1998,17,French Grand Prix
1998,34,British Grand Prix
1998,26,Austrian Grand Prix
1998,12,German Grand Prix
1998,10,Hungarian Grand Prix
1998,9,Belgian Grand Prix
1998,21,Italian Grand Prix
1998,6,Luxembourg Grand Prix
1998,18,Japanese Grand Prix
1999,46,Australian Grand Prix
1999,34,Brazilian Grand Prix
1999,7,San Marino Grand Prix
1999,5,Monaco Grand Prix
1999,5,Spanish Grand Prix
1999,15,Canadian Grand Prix
1999,42,French Grand Prix
1999,13,British Grand Prix
1999,30,Austrian Grand Prix
1999,18,German Grand Prix
1999,4,Hungarian Grand Prix
1999,18,Belgian Grand Prix
1999,17,Italian Grand Prix
1999,29,European Grand Prix
1999,11,Malaysian Grand Prix
1999,4,Japanese Grand Prix
2000,11,Australian Grand Prix
2000,22,Brazilian Grand Prix
2000,1,San Marino Grand Prix
2000,10,British Grand Prix
2000,8,Spanish Grand Prix
2000,37,European Grand Prix
2000,1,Monaco Grand Prix
2000,19,Canadian Grand Prix
2000,19,French Grand Prix
2000,28,Austrian Grand Prix
2000,49,German Grand Prix
2000,11,Hungarian Grand Prix
2000,28,Belgian Grand Prix
2000,20,Italian Grand Prix
2000,48,United States Grand Prix
2000,8,Japanese Grand Prix
2000,30,Malaysian Grand Prix
2001,20,Australian Grand Prix
2001,56,Malaysian Grand Prix
2001,31,Brazilian Grand Prix
2001,8,San Marino Grand Prix
2001,10,Spanish Grand Prix
2001,18,Austrian Grand Prix
2001,7,Monaco Grand Prix
2001,12,Canadian Grand Prix
2001,7,European Grand Prix
2001,8,French Grand Prix
2001,8,British Grand Prix
2001,14,German Grand Prix
2001,3,Hungarian Grand Prix
2001,12,Belgian Grand Prix
2001,28,Italian Grand Prix
2001,17,United States Grand Prix
2001,18,Japanese Grand Prix
2002,16,Australian Grand Prix
2002,27,Malaysian Grand Prix
2002,31,Brazilian Grand Prix
2002,6,San Marino Grand Prix
2002,3,Spanish Grand Prix
2002,20,Austrian Grand Prix
2002,10,Monaco Grand Prix
2002,17,Canadian Grand Prix
2002,25,European Grand Prix
2002,48,British Grand Prix
2002,2,French Grand Prix
2002,24,German Grand Prix
2002,3,Hungarian Grand Prix
2002,6,Belgian Grand Prix
2002,16,Italian Grand Prix
2002,19,United States Grand Prix
2002,1,Japanese Grand Prix
2003,49,Australian Grand Prix
2003,21,Malaysian Grand Prix
2003,52,Brazilian Grand Prix
2003,3,San Marino Grand Prix
2003,22,Spanish Grand Prix
2003,14,Austrian Grand Prix
2003,0,Monaco Grand Prix
2003,9,Canadian Grand Prix
2003,9,European Grand Prix
2003,10,French Grand Prix
2003,51,British Grand Prix
2003,11,German Grand Prix
2003,28,Hungarian Grand Prix
2003,5,Italian Grand Prix
2003,54,United States Grand Prix
2003,19,Japanese Grand Prix
2004,10,Australian Grand Prix
2004,25,Malaysian Grand Prix
2004,22,Bahrain Grand Prix
2004,6,San Marino Grand Prix
2004,7,Spanish Grand Prix
2004,5,Monaco Grand Prix
2004,13,European Grand Prix
2004,19,Canadian Grand Prix
2004,19,United States Grand Prix
2004,15,French Grand Prix
2004,15,British Grand Prix
2004,32,German Grand Prix
2004,5,Hungarian Grand Prix
2004,24,Belgian Grand Prix
2004,48,Italian Grand Prix
2004,22,Chinese Grand Prix
2004,30,Japanese Grand Prix
2004,58,Brazilian Grand Prix
2005,7,Australian Grand Prix
2005,12,Malaysian Grand Prix
2005,13,Bahrain Grand Prix
2005,9,San Marino Grand Prix
2005,4,Spanish Grand Prix
2005,16,Monaco Grand Prix
2005,25,European Grand Prix
2005,11,Canadian Grand Prix
2005,0,United States Grand Prix
2005,5,French Grand Prix
2005,8,British Grand Prix
2005,18,German Grand Prix
2005,10,Hungarian Grand Prix
2005,30,Turkish Grand Prix
2005,7,Italian Grand Prix
2005,33,Belgian Grand Prix
2005,6,Brazilian Grand Prix
2005,15,Japanese Grand Prix
2005,17,Chinese Grand Prix
2006,46,Bahrain Grand Prix
2006,16,Malaysian Grand Prix
2006,26,Australian Grand Prix
2006,2,San Marino Grand Prix
2006,10,European Grand Prix
2006,7,Spanish Grand Prix
2006,19,Monaco Grand Prix
2006,5,British Grand Prix
2006,11,Canadian Grand Prix
2006,6,United States Grand Prix
2006,5,French Grand Prix
2006,20,German Grand Prix
2006,37,Hungarian Grand Prix
2006,32,Turkish Grand Prix
2006,13,Italian Grand Prix
2006,59,Chinese Grand Prix
2006,11,Japanese Grand Prix
2006,20,Brazilian Grand Prix
2007,11,Australian Grand Prix
2007,12,Malaysian Grand Prix
2007,19,Bahrain Grand Prix
2007,5,Spanish Grand Prix
2007,2,Monaco Grand Prix
2007,21,Canadian Grand Prix
2007,18,United States Grand Prix
2007,9,French Grand Prix
2007,15,British Grand Prix
2007,82,European Grand Prix
2007,5,Hungarian Grand Prix
2007,15,Turkish Grand Prix
2007,14,Italian Grand Prix
2007,16,Belgian Grand Prix
2007,62,Japanese Grand Prix
2007,46,Chinese Grand Prix
2007,24,Brazilian Grand Prix
2008,15,Australian Grand Prix
2008,6,Malaysian Grand Prix
2008,15,Bahrain Grand Prix
2008,3,Spanish Grand Prix
2008,15,Turkish Grand Prix
2008,33,Monaco Grand Prix
2008,24,Canadian Grand Prix
2008,11,French Grand Prix
2008,47,British Grand Prix
2008,22,German Grand Prix
2008,3,Hungarian Grand Prix
2008,4,European Grand Prix
2008,40,Belgian Grand Prix
2008,48,Italian Grand Prix
2008,14,Singapore Grand Prix
2008,25,Japanese Grand Prix
2008,10,Chinese Grand Prix
2008,31,Brazilian Grand Prix
2009,32,Australian Grand Prix
2009,38,Malaysian Grand Prix
2009,65,Chinese Grand Prix
2009,31,Bahrain Grand Prix
2009,3,Spanish Grand Prix
2009,8,Monaco Grand Prix
2009,13,Turkish Grand Prix
2009,11,British Grand Prix
2009,18,German Grand Prix
2009,7,Hungarian Grand Prix
2009,1,European Grand Prix
2009,11,Belgian Grand Prix
2009,10,Italian Grand Prix
2009,4,Singapore Grand Prix
2009,12,Japanese Grand Prix
2009,29,Brazilian Grand Prix
2009,8,Abu Dhabi Grand Prix
2010,27,Bahrain Grand Prix
2010,51,Australian Grand Prix
2010,26,Malaysian Grand Prix
2010,93,Chinese Grand Prix
2010,11,Spanish Grand Prix
2010,6,Monaco Grand Prix
2010,29,Turkish Grand Prix
2010,72,Canadian Grand Prix
2010,17,European Grand Prix
2010,34,British Grand Prix
2010,16,German Grand Prix
2010,9,Hungarian Grand Prix
2010,71,Belgian Grand Prix
2010,19,Italian Grand Prix
2010,33,Singapore Grand Prix
2010,10,Japanese Grand Prix
2010,39,Korean Grand Prix
2010,36,Brazilian Grand Prix
2010,16,Abu Dhabi Grand Prix
2011,31,Australian Grand Prix
2011,65,Malaysian Grand Prix
2011,98,Chinese Grand Prix
2011,132,Turkish Grand Prix
2011,94,Spanish Grand Prix
2011,28,Monaco Grand Prix
2011,129,Canadian Grand Prix
2011,48,European Grand Prix
2011,30,British Grand Prix
2011,53,German Grand Prix
2011,75,Hungarian Grand Prix
2011,99,Belgian Grand Prix
2011,51,Italian Grand Prix
2011,54,Singapore Grand Prix
2011,80,Japanese Grand Prix
2011,55,Korean Grand Prix
2011,28,Indian Grand Prix
2011,68,Abu Dhabi Grand Prix
2011,31,Brazilian Grand Prix
2012,43,Australian Grand Prix
2012,83,Malaysian Grand Prix
2012,97,Chinese Grand Prix
2012,81,Bahrain Grand Prix
2012,56,Spanish Grand Prix
2012,13,Monaco Grand Prix
2012,48,Canadian Grand Prix
2012,81,European Grand Prix
2012,49,British Grand Prix
2012,71,German Grand Prix
2012,18,Hungarian Grand Prix
2012,61,Belgian Grand Prix
2012,66,Italian Grand Prix
2012,64,Singapore Grand Prix
2012,44,Japanese Grand Prix
2012,36,Korean Grand Prix
2012,35,Indian Grand Prix
2012,56,Abu Dhabi Grand Prix
2012,69,United States Grand Prix
2012,158,Brazilian Grand Prix
2013,59,Australian Grand Prix
2013,55,Malaysian Grand Prix
2013,84,Chinese Grand Prix
2013,89,Bahrain Grand Prix
2013,74,Spanish Grand Prix
2013,17,Monaco Grand Prix
2013,48,Canadian Grand Prix
2013,92,British Grand Prix
2013,54,German Grand Prix
2013,28,Hungarian Grand Prix
2013,64,Belgian Grand Prix
2013,28,Italian Grand Prix
2013,39,Singapore Grand Prix
2013,69,Korean Grand Prix
2013,34,Japanese Grand Prix
2013,57,Indian Grand Prix
2013,47,Abu Dhabi Grand Prix
2013,23,United States Grand Prix
2013,68,Brazilian Grand Prix
2014,30,Australian Grand Prix
2014,33,Malaysian Grand Prix
2014,74,Bahrain Grand Prix
2014,42,Chinese Grand Prix
2014,43,Spanish Grand Prix
2014,10,Monaco Grand Prix
2014,32,Canadian Grand Prix
2014,43,Austrian Grand Prix
2014,43,British Grand Prix
2014,92,German Grand Prix
2014,52,Hungarian Grand Prix
2014,62,Belgian Grand Prix
2014,45,Italian Grand Prix
2014,52,Singapore Grand Prix
2014,37,Japanese Grand Prix
2014,44,Russian Grand Prix
2014,40,United States Grand Prix
2014,41,Brazilian Grand Prix
2014,56,Abu Dhabi Grand Prix
2015,11,Australian Grand Prix
2015,74,Malaysian Grand Prix
2015,32,Chinese Grand Prix
2015,45,Bahrain Grand Prix
2015,30,Spanish Grand Prix
2015,10,Monaco Grand Prix
2015,38,Canadian Grand Prix
2015,21,Austrian Grand Prix
2015,22,British Grand Prix
2015,35,Hungarian Grand Prix
2015,30,Belgian Grand Prix
2015,33,Italian Grand Prix
2015,15,Singapore Grand Prix
2015,37,Japanese Grand Prix
2015,31,Russian Grand Prix
2015,63,United States Grand Prix
2015,33,Mexican Grand Prix
2015,38,Brazilian Grand Prix
2015,31,Abu Dhabi Grand Prix
2016,37,Australian Grand Prix
2016,90,Bahrain Grand Prix
2016,170,Chinese Grand Prix
2016,31,Russian Grand Prix
2016,54,Spanish Grand Prix
2016,14,Monaco Grand Prix
2016,33,Canadian Grand Prix
2016,80,European Grand Prix
2016,78,Austrian Grand Prix
2016,16,British Grand Prix
2016,12,Hungarian Grand Prix
2016,58,German Grand Prix
2016,50,Belgian Grand Prix
2016,49,Italian Grand Prix
2016,40,Singapore Grand Prix
2016,44,Malaysian Grand Prix
2016,50,Japanese Grand Prix
2016,57,United States Grand Prix
2016,26,Mexican Grand Prix
2016,65,Brazilian Grand Prix
2016,43,Abu Dhabi Grand Prix
2017,2,Australian Grand Prix
2017,36,Chinese Grand Prix
2017,38,Bahrain Grand Prix
2017,0,Russian Grand Prix
2017,20,Spanish Grand Prix
2017,3,Monaco Grand Prix
2017,34,Canadian Grand Prix
2017,48,Azerbaijan Grand Prix
2017,13,Austrian Grand Prix
2017,39,British Grand Prix
2017,9,Hungarian Grand Prix
2017,42,Belgian Grand Prix
2017,38,Italian Grand Prix
2017,16,Singapore Grand Prix
2017,33,Malaysian Grand Prix
2017,19,Japanese Grand Prix
2017,44,United States Grand Prix
2017,26,Mexican Grand Prix
2017,37,Brazilian Grand Prix
2017,12,Abu Dhabi Grand Prix
2018,5,Australian Grand Prix
2018,62,Bahrain Grand Prix
2018,53,Chinese Grand Prix
2018,58,Azerbaijan Grand Prix
2018,13,Spanish Grand Prix
2018,4,Monaco Grand Prix
2018,15,Canadian Grand Prix
2018,52,French Grand Prix
2018,30,Austrian Grand Prix
2018,33,British Grand Prix
2018,66,German Grand Prix
2018,21,Hungarian Grand Prix
2018,30,Belgian Grand Prix
2018,44,Italian Grand Prix
2018,13,Singapore Grand Prix
2018,33,Russian Grand Prix
2018,60,Japanese Grand Prix
2018,31,United States Grand Prix
2018,36,Mexican Grand Prix
2018,52,Brazilian Grand Prix
2018,38,Abu Dhabi Grand Prix
2019,12,Australian Grand Prix
2019,73,Bahrain Grand Prix
2019,40,Chinese Grand Prix
2019,62,Azerbaijan Grand Prix
2019,26,Spanish Grand Prix
2019,2,Monaco Grand Prix
2019,30,Canadian Grand Prix
2019,28,French Grand Prix
2019,50,Austrian Grand Prix
2019,33,British Grand Prix
2019,94,German Grand Prix
2019,31,Hungarian Grand Prix
2019,63,Belgian Grand Prix
2019,45,Italian Grand Prix
2019,59,Singapore Grand Prix
2019,28,Russian Grand Prix
2019,58,Japanese Grand Prix
2019,46,Mexican Grand Prix
2019,61,United States Grand Prix
2019,71,Brazilian Grand Prix
2019,37,Abu Dhabi Grand Prix
2020,29,Austrian Grand Prix
2020,49,Styrian Grand Prix
2020,44,Hungarian Grand Prix
2020,26,British Grand Prix
2020,32,Spanish Grand Prix
2020,32,Belgian Grand Prix
2020,36,Italian Grand Prix
2020,19,Tuscan Grand Prix
2020,31,Russian Grand Prix
2020,41,Eifel Grand Prix
2020,69,Portuguese Grand Prix
2020,10,Emilia Romagna Grand Prix
2020,42,Turkish Grand Prix
2020,54,Bahrain Grand Prix
2020,51,Sakhir Grand Prix
2020,34,Abu Dhabi Grand Prix
2021,75,Bahrain Grand Prix
2021,42,Emilia Romagna Grand Prix
2021,45,Portuguese Grand Prix
2021,51,Spanish Grand Prix
2021,0,Monaco Grand Prix
2021,27,Azerbaijan Grand Prix
2021,60,French Grand Prix
2021,24,Styrian Grand Prix
2021,38,Austrian Grand Prix
2021,29,British Grand Prix
2021,17,Hungarian Grand Prix
2021,0,Belgian Grand Prix
2021,24,Dutch Grand Prix
2021,23,Italian Grand Prix
2021,94,Russian Grand Prix
2021,26,Turkish Grand Prix
2021,32,United States Grand Prix
2021,23,Mexico City Grand Prix
2021,65,S達o Paulo Grand Prix
2021,49,Qatar Grand Prix
2021,27,Saudi Arabian Grand Prix
2021,36,Abu Dhabi Grand Prix
2022,78,Bahrain Grand Prix
2022,32,Saudi Arabian Grand Prix
2022,34,Australian Grand Prix
2022,23,Emilia Romagna Grand Prix
2022,52,Miami Grand Prix
2022,48,Spanish Grand Prix
2022,13,Monaco Grand Prix
2022,23,Azerbaijan Grand Prix
2022,35,Canadian Grand Prix
2022,31,British Grand Prix
2022,67,Austrian Grand Prix
2022,33,French Grand Prix
2022,61,Hungarian Grand Prix
2022,74,Belgian Grand Prix
2022,23,Dutch Grand Prix
2022,58,Italian Grand Prix
2022,16,Singapore Grand Prix
2022,28,Japanese Grand Prix
2022,85,United States Grand Prix
2022,24,Mexico City Grand Prix
2022,77,S達o Paulo Grand Prix
2022,79,Abu Dhabi Grand Prix
2023,37,Bahrain Grand Prix
2023,36,Saudi Arabian Grand Prix
2023,29,Australian Grand Prix
2023,23,Azerbaijan Grand Prix
2023,62,Miami Grand Prix
2023,22,Monaco Grand Prix
2023,65,Spanish Grand Prix
2023,20,Canadian Grand Prix
2023,63,Austrian Grand Prix
2023,26,British Grand Prix
2023,16,Hungarian Grand Prix
2023,75,Belgian Grand Prix
2023,188,Dutch Grand Prix
2023,31,Italian Grand Prix
2023,42,Singapore Grand Prix
2023,29,Japanese Grand Prix
2023,48,Qatar Grand Prix
2023,47,United States Grand Prix
2023,48,Mexico City Grand Prix
2023,25,S達o Paulo Grand Prix
2023,99,Las Vegas Grand Prix
2023,70,Abu Dhabi Grand Prix
2024,36,Bahrain Grand Prix
2024,25,Saudi Arabian Grand Prix
2024,24,Australian Grand Prix
2024,48,Japanese Grand Prix
2024,53,Chinese Grand Prix
2024,41,Miami Grand Prix
2024,30,Emilia Romagna Grand Prix
2024,4,Monaco Grand Prix
2024,48,Canadian Grand Prix
2024,55,Spanish Grand Prix
2024,46,Austrian Grand Prix
2024,26,British Grand Prix
2024,33,Hungarian Grand Prix
2024,33,Belgian Grand Prix
2024,43,Dutch Grand Prix
2024,39,Italian Grand Prix
2024,47,Azerbaijan Grand Prix
2024,30,Singapore Grand Prix
2024,33,United States Grand Prix
2024,44,Mexico City Grand Prix
2024,43,S達o Paulo Grand Prix
2024,77,Las Vegas Grand Prix
2024,29,Qatar Grand Prix
2020,29,70th Anniversary Grand Prix
2024,43,Abu Dhabi Grand Prix
